{"cameraMode":{"drawMode":0,"name":"Shaded","section":"Shading Mode"},"sceneLighting":true,"audioPlay":false,"sceneViewState":{"showFog":true,"showMaterialUpdate":true,"showSkybox":true,"showFlares":true,"showImageEffects":true,"showParticleSystems":true},"in2DMode":false,"pivot":{"x":5.617849349975586,"y":-128.06900024414063,"z":20.483320236206056},"rotation":{"x":0.626862108707428,"y":0.09991750866174698,"z":-0.08151555806398392,"w":0.7683872580528259},"size":159.64279174804688,"orthographic":false}