{"cameraMode":{"drawMode":0,"name":"Shaded","section":"Shading Mode"},"sceneLighting":true,"audioPlay":false,"sceneViewState":{"showFog":true,"showMaterialUpdate":true,"showSkybox":true,"showFlares":true,"showImageEffects":true,"showParticleSystems":true},"in2DMode":false,"pivot":{"x":10.795719146728516,"y":-17.44019317626953,"z":-4.620418548583984},"rotation":{"x":-0.07237845659255982,"y":0.8819830417633057,"z":-0.44282644987106326,"w":-0.1441553831100464},"size":50.84686279296875,"orthographic":false}