{"cameraMode":{"drawMode":0,"name":"Shaded","section":"Shading Mode"},"sceneLighting":true,"audioPlay":false,"sceneViewState":{"showFog":true,"showMaterialUpdate":true,"showSkybox":true,"showFlares":true,"showImageEffects":true,"showParticleSystems":true},"in2DMode":false,"pivot":{"x":437.53851318359377,"y":233.71754455566407,"z":-7.7781982421875},"rotation":{"x":-0.07819194346666336,"y":-0.03174612298607826,"z":0.0024791338946670295,"w":-0.9964460730552673},"size":680.7264404296875,"orthographic":false}